Plot,rep,Record_number,CO2_ppm,P_mBa,Flow,DT,Seconds,Hour,Date
1,1,553.5,416,1000.1,342.5,1.5,0.5,15H 52M 22.5S,23-03-13
1,3,556,417,1000.1,343.3333333333333,4,3,15H 52M 25S,23-03-13
1,6,558.5,418,1000.1,343,6.5,5.5,15H 52M 27.5S,23-03-13
1,8,562.5,419,1000.1,343.3333333333333,10.5,9.5,15H 52M 31.5S,23-03-13
1,14,569,420,1000.1,343,17,16,15H 52M 38S,23-03-13
1,21,574,421,1000.1,343,22,21,15H 52M 43S,23-03-13
1,24,579.5,422,1000.1,343.125,27.5,26.5,15H 52M 48.5S,23-03-13
1,32,584.5,423,1000.1,343,32.5,31.5,15H 52M 53.5S,23-03-13
1,34,588,424,1000.1,343,36,35,15H 52M 57S,23-03-13
1,39,592.5,425,1000.1,343,40.5,39.5,15H 53M 1.5S,23-03-13
1,43,597,426,1000.1,343.2,45,44,15H 53M 6S,23-03-13
1,48,604.5,427,1000.1,343.1,52.5,51.5,15H 53M 13.5S,23-03-13
1,58,612,428,1000.1,343,60,59,15H 53M 21S,23-03-13
1,63,619.5,429,1000.1,343,67.5,66.5,15H 53M 28.5S,23-03-13
1,73,627,430,1000.1,343,75,74,15H 53M 36S,23-03-13
1,78,634,431,1000.1,343.22222222222223,82,81,15H 53M 43S,23-03-13
1,87,640.5,432,1000.1,343,88.5,87.5,15H 53M 49.5S,23-03-13
1,91,648,433,1000.1,343.6363636363636,96,95,15H 53M 57.9090909090883S,23-03-13
1,102,656,434,1000.1,343,104,103,15H 54M 6S,23-03-13
1,107,664.5,435,1000.1,343,112.5,111.5,15H 54M 14.5S,23-03-13
1,119,674,436,1000.1,343.14285714285717,122,121,15H 54M 24S,23-03-13
1,126,681,437,1000.1,343,129,128,15H 54M 31S,23-03-13
1,133,687.5,438,1000.1,343,135.5,134.5,15H 54M 37.5S,23-03-13
1,139,693,439,1000.1,343,141,140,15H 54M 43S,23-03-13
1,144,699.5,440,1000.1,343,147.5,146.5,15H 54M 49.5S,23-03-13
1,152,709,441,1000.1,343.27272727272725,157,156,15H 54M 59S,23-03-13
1,163,717.5,442,1000.1,344.1666666666667,165.5,164.5,15H 55M 7.5S,23-03-13
1,169,726,443,1000.1,344,174,173,15H 55M 16S,23-03-13
2,1,811,408,1000.12,343,3,2,15H 56M 41S,23-03-13
2,6,815,409,1000.1,343,7,6,15H 56M 45S,23-03-13
2,9,819,410,1000.1,343,11,10,15H 56M 49S,23-03-13
2,14,824,411,1000.1,343,16,15,15H 56M 54S,23-03-13
2,19,830,412,1000.1,343,22,21,15H 57M 0S,23-03-13
2,26,837,413,1000.1142857142858,343,29,28,15H 57M 7S,23-03-13
2,33,841.5,414,1000.2,343,33.5,32.5,15H 57M 11.5S,23-03-13
2,35,843,415,1000.2,343,35,34,15H 57M 13S,23-03-13
2,36,845.5,416,1000.2,343,37.5,36.5,15H 57M 15.5S,23-03-13
2,40,849.5,417,1000.2,343,41.5,40.5,15H 57M 19.75S,23-03-13
2,44,855.5,418,1000.2,343,47.5,46.5,15H 57M 26.5S,23-03-13
2,52,863,419,1000.2,343,55,54,15H 57M 34S,23-03-13
2,59,867.5,420,1000.2,343,59.5,58.5,15H 57M 38.5S,23-03-13
2,61,871.5,421,1000.2,342.5,63.5,62.5,15H 57M 42.5S,23-03-13
2,67,877,422,1000.2,342.8,69,68,15H 57M 48S,23-03-13
2,72,884,423,1000.2,342.8888888888889,76,75,15H 57M 55S,23-03-13
2,81,890.5,424,1000.2,343,82.5,81.5,15H 58M 1.5S,23-03-13
2,85,898,425,1000.2,342.45454545454544,90,89,15H 58M 9S,23-03-13
2,96,907,426,1000.2,342,99,98,15H 58M 18S,23-03-13
2,103,913,427,1000.2,342.8,105,104,15H 58M 24S,23-03-13
2,108,919,428,1000.2,342.57142857142856,111,110,15H 58M 30S,23-03-13
2,115,927,429,1000.2,342,119,118,15H 58M 38S,23-03-13
2,124,934.5,430,1000.2,342.3333333333333,126.5,125.5,15H 58M 45.5S,23-03-13
2,130,942,431,1000.2,342.3333333333333,134,133,15H 58M 53S,23-03-13
2,139,949,432,1000.2,342.6,141,140,15H 59M 0S,23-03-13
2,144,954,433,1000.1800000000001,342,146,145,15H 59M 5S,23-03-13
2,149,959,434,1000.1,342.6,151,150,15H 59M 10S,23-03-13
2,154,965.5,435,1000.1,343,157.5,156.5,15H 59M 16.5S,23-03-13
2,162,976,436,1000.1,342.53846153846155,168,167,15H 59M 27S,23-03-13
2,175,986,437,1000.1,342.57142857142856,177.85714285714286,177,15H 59M 37S,23-03-13
3,1,1051,415,1000.0307692307692,342.0769230769231,7,6,16H 0M 42.3076923076951S,23-03-13
3,14,1064,416,1000,342.0769230769231,20,19,16H 0M 56S,23-03-13
3,27,1072,417,1000,342,28,27,16H 1M 4S,23-03-13
3,30,1075,416,1000,342,31,30,16H 1M 7S,23-03-13
3,33,1080.5,417,1000,342,36.5,35.5,16H 1M 12.5S,23-03-13
3,41,1090,418,1000,341.90909090909093,46,45,16H 1M 22S,23-03-13
3,52,1106,419,1000,342,62,61,16H 1M 38S,23-03-13
3,73,1120.5,420,1000,341.75,76.5,75.5,16H 1M 52.5S,23-03-13
3,81,1129,421,1000,342,85,84,16H 2M 1S,23-03-13
3,90,1134.5,422,1000,342,90.5,89.5,16H 2M 6.5S,23-03-13
3,92,1146,421,1000,341.7142857142857,102,101,16H 2M 18S,23-03-13
3,113,1161,422,1000,342,117,116,16H 2M 33S,23-03-13
3,122,1169.5,423,1000,341.75,125.5,124.5,16H 2M 41.5S,23-03-13
3,130,1177,424,1000,341.7142857142857,133,132,16H 2M 49S,23-03-13
3,137,1182,425,1000,341.6666666666667,138,137,16H 2M 54S,23-03-13
3,140,1185,424,1000,342,141,140,16H 2M 57S,23-03-13
3,143,1191.5,425,1000,342,147.5,146.5,16H 3M 3.5S,23-03-13
3,153,1198,426,1000,342,154,153,16H 3M 10S,23-03-13
3,156,1200.5,425,1000,342,156.5,155.5,16H 3M 12.5S,23-03-13
3,158,1205,426,1000,342,161,160,16H 3M 17S,23-03-13
3,165,1217.5,427,1000.0388888888889,342,173.33333333333334,172.5,16H 3M 29.5S,23-03-13
4,1,1389,422,1000.1,339.6666666666667,2,1,16H 6M 22S,23-03-13
4,4,1393.5,421,1000.1,339.8333333333333,6.5,5.5,16H 6M 26.5S,23-03-13
4,10,1397,422,1000.1,340,10,9,16H 6M 30S,23-03-13
4,11,1398.5,421,1000.1,340,11.5,10.5,16H 6M 31.5S,23-03-13
4,13,1403.5,422,1000.1,340,16.5,15.5,16H 6M 36.5S,23-03-13
4,21,1410,421,1000.1,340,23,22,16H 6M 43S,23-03-13
4,26,1413,420,1000.1,340,26,25,16H 6M 46S,23-03-13
4,27,1416,421,1000.1,340,29,28,16H 6M 49S,23-03-13
4,32,1419.5,422,1000.1,340,32.5,31.5,16H 6M 52.5S,23-03-13
4,34,1425,421,1000.1,340,38,37,16H 6M 58S,23-03-13
4,43,1432,422,1000.1,340.6,45,44,16H 7M 5S,23-03-13
4,48,1441,421,1000.1,340,54,53,16H 7M 14S,23-03-13
4,61,1449.5,422,1000.1,340,62.5,61.5,16H 7M 22.5S,23-03-13
4,65,1452.5,421,1000.1,340.5,65.5,64.5,16H 7M 26S,23-03-13
4,67,1459.5,422,1000.1,340.5,72.5,71.5,16H 7M 33.5S,23-03-13
4,79,1467,421,1000.1,341,80,79,16H 7M 41S,23-03-13
4,82,1487,420,1000.0108108108108,340.35135135135135,100,99,16H 8M 1S,23-03-13
4,119,1512,421,1000.0307692307692,340.9230769230769,125,124,16H 8M 26S,23-03-13
4,132,1522,422,1000.1,340.42857142857144,135,134,16H 8M 36S,23-03-13
4,139,1533.5,421,1000.1,340.25,146.5,145.5,16H 8M 47.5S,23-03-13
4,155,1543,422,1000.1,341,156,155,16H 8M 57S,23-03-13
4,158,1546.5,421,1000.1,341,159.5,158.5,16H 9M 0.5S,23-03-13
4,162,1553.5,422,1000.1,341,166.5,165.5,16H 9M 7.5S,23-03-13
4,172,1561.5,423,1000.1,341,174.5,173.5,16H 9M 15.5S,23-03-13
4,178,1566.5,424,1000.1,341,179.25,178.5,16H 9M 20.5S,23-03-13
5,1,1637.5,417,1000.1,340.1666666666667,3.5,2.5,16H 10M 31.5S,23-03-13
5,7,1652,418,1000.1,340,18,17,16H 10M 46.565217391304S,23-03-13
5,30,1664.5,419,1000.1,340.5,30.5,29.5,16H 10M 59.5S,23-03-13
5,32,1667,418,1000.1,341,33,32,16H 11M 2S,23-03-13
5,35,1677,419,1000.1,340.52941176470586,43,42,16H 11M 12S,23-03-13
5,52,1693,420,1000.1,340.93333333333334,59,58,16H 11M 28S,23-03-13
5,67,1713,421,1000.1,340.36,79,78,16H 11M 48S,23-03-13
5,92,1732.5,422,1000.1,340.07142857142856,98.5,97.5,16H 12M 7.5S,23-03-13
5,106,1745.5,423,1000.1,340,111.5,110.5,16H 12M 20.5S,23-03-13
5,118,1759.5,424,1000.1,340.3125,125.5,124.5,16H 12M 34.5S,23-03-13
5,134,1772,425,1000.1,340.3333333333333,138,137,16H 12M 47S,23-03-13
5,143,1792,426,1000.1,340.19354838709677,158,157,16H 13M 7S,23-03-13
5,174,1808.5,427,1000.1,341,174.5,173.5,16H 13M 23.5S,23-03-13
5,176,1811.5,426,1000.1,341,177.5,176.5,16H 13M 26.5S,23-03-13
6,1,1871.5,418,1000.1,339.5,1.5,0.5,16H 14M 27.5S,23-03-13
6,3,1874,417,1000.1,339.6666666666667,4,3,16H 14M 30S,23-03-13
6,6,1877.5,418,1000.1,340,7.5,6.5,16H 14M 33.5S,23-03-13
6,10,1880,417,1000.1,339,10,9,16H 14M 36S,23-03-13
6,11,1889.5,418,1000.1,339.1666666666667,19.5,18.5,16H 14M 45.5S,23-03-13
6,29,1899.5,419,1000.1,339.5,29.5,28.5,16H 14M 55.5S,23-03-13
6,31,1903.5,418,1000.1,339.1666666666667,33.5,32.5,16H 14M 59.5S,23-03-13
6,37,1911.5,419,1000.1,339.2,41.5,40.5,16H 15M 7.5S,23-03-13
6,47,1925,420,1000.1,339.11764705882354,55,54,16H 15M 21S,23-03-13
6,64,1942.5,421,1000.1,339.8888888888889,72.5,71.5,16H 15M 38.5S,23-03-13
6,82,1952,422,1000.1,340,82,81,16H 15M 48S,23-03-13
6,83,1953.5,421,1000.1,340,83.5,82.5,16H 15M 49.5S,23-03-13
6,85,1957,420,1000.1,339.8,87,86,16H 15M 53S,23-03-13
6,90,1960.5,421,1000.1,340,90.5,89.5,16H 15M 56.5S,23-03-13
6,92,1963.5,422,1000.1,339.5,93.5,92.5,16H 15M 59.5S,23-03-13
6,96,1971.5,423,1000.1,339.25,101.5,100.5,16H 16M 7.5S,23-03-13
6,108,1982,424,1000.1777777777778,339.8888888888889,112,111,16H 16M 18S,23-03-13
6,117,1996,425,1000.2,339.2631578947368,126,125,16H 16M 32S,23-03-13
6,136,2007,426,1000.2,339.3333333333333,137,136,16H 16M 43S,23-03-13
6,139,2010.5,425,1000.125,339.75,140.5,139.5,16H 16M 46.5S,23-03-13
6,143,2013,424,1000.1,339,143,142,16H 16M 49S,23-03-13
6,144,2018.5,425,1000.1,339.3,148.5,147.5,16H 16M 54.5S,23-03-13
6,154,2027,426,1000.1857142857143,340,157,156,16H 17M 3S,23-03-13
6,161,2032,427,1000.2,339.6666666666667,162,161,16H 17M 8S,23-03-13
6,164,2036,428,1000.2,339.4,166,165,16H 17M 12S,23-03-13
6,169,2043.5,427,1000.1500000000001,339.6,173.5,172.5,16H 17M 19.5999999999985S,23-03-13
7,1,2424.5,401,1001.3,339.1666666666667,6.5,5.5,16H 23M 42.5S,23-03-13
7,13,2431,400,1001.3,339,13,12,16H 23M 49S,23-03-13
7,14,2434,401,1001.3,339.4,16,15,16H 23M 52S,23-03-13
7,19,2439.5,400,1001.3,339.5,21.5,20.5,16H 23M 57.5S,23-03-13
7,25,2444.5,399,1001.3,340,26.5,25.5,16H 24M 2.5S,23-03-13
7,29,2465.5,398,1001.3,340.1578947368421,47.5,46.5,16H 24M 24.2894736842136S,23-03-13
7,67,2486,399,1001.3,341,68,67,16H 24M 45S,23-03-13
7,70,2488,398,1001.3,340,70,69,16H 24M 47S,23-03-13
7,71,2491,399,1001.3,340,73,72,16H 24M 50S,23-03-13
7,76,2501,398,1001.3,340.93333333333334,83,82,16H 25M 0S,23-03-13
7,91,2511,397,1001.3,341,93,92,16H 25M 10S,23-03-13
7,96,2528.5,398,1001.3,341,110.5,109.5,16H 25M 27.5S,23-03-13
7,126,2544.5,397,1001.3,341,126.5,125.5,16H 25M 43.5S,23-03-13
7,128,2552.5,398,1001.3,341,134.5,133.5,16H 25M 51.5S,23-03-13
7,142,2560,397,1001.3,341,142,141,16H 25M 59S,23-03-13
7,143,2563.5,398,1001.3,341.3333333333333,145.5,144.5,16H 26M 2.5S,23-03-13
7,149,2569,397,1001.3,341.4,151,150,16H 26M 8S,23-03-13
7,154,2573.5,398,1001.3,341.5,155.5,154.5,16H 26M 12.5S,23-03-13
7,158,2579.5,397,1001.3,341.125,161.5,160.5,16H 26M 18.5S,23-03-13
7,166,2584.5,398,1001.3,341,166.5,165.5,16H 26M 23.5S,23-03-13
7,168,2587.5,397,1001.3,341,169.5,168.5,16H 26M 26.5S,23-03-13
7,172,2593.5,398,1001.3,341.125,175.5,174.5,16H 26M 32.5S,23-03-13
8,1,2653,401,1001.3,341.14285714285717,4,3,16H 27M 32S,23-03-13
8,8,2658,402,1001.3,342,9,8,16H 27M 37S,23-03-13
8,11,2660,401,1001.3,342,11,10,16H 27M 39S,23-03-13
8,12,2678.5,402,1001.3,341.25,29.5,28.5,16H 27M 58.3055555555547S,23-03-13
8,48,2703,401,1001.3,341.9230769230769,54,53,16H 28M 23S,23-03-13
8,61,2710.5,402,1001.4,342,61.5,60.5,16H 28M 30.5S,23-03-13
8,63,2716.5,401,1001.4,342,67.5,66.5,16H 28M 36.5S,23-03-13
8,73,2723,402,1001.4,342,74,73,16H 28M 43S,23-03-13
8,76,2726.5,403,1001.4,341.25,77.5,76.5,16H 28M 46.5S,23-03-13
8,80,2730.5,402,1001.4,341,81.5,80.5,16H 28M 50.5S,23-03-13
8,84,2733.5,401,1001.4,342,84.5,83.5,16H 28M 53.5S,23-03-13
8,86,2738,402,1001.4,341.42857142857144,89,88,16H 28M 58S,23-03-13
8,93,2746,403,1001.4,341.6666666666667,97,96,16H 29M 6S,23-03-13
8,102,2751.5,402,1001.4,342,102.5,101.5,16H 29M 11.5S,23-03-13
8,104,2767,403,1001.4,342.13793103448273,118,117,16H 29M 27S,23-03-13
8,133,2786.5,404,1001.4,342.1,137.5,136.5,16H 29M 46.5S,23-03-13
8,143,2793.5,405,1001.4,342,144.5,143.5,16H 29M 53.5S,23-03-13
8,147,2799,404,1001.4,342,150,149,16H 29M 59S,23-03-13
8,154,2803,403,1001.4,342,154,153,16H 30M 3S,23-03-13
8,155,2808.5,402,1001.4,342,159.5,158.5,16H 30M 8.5S,23-03-13
8,165,2815,403,1001.4,342,166,165,16H 30M 15S,23-03-13
8,168,2819.5,402,1001.4,342,170.5,169.5,16H 30M 19.5S,23-03-13
9,1,2907,402,1001.4399999999999,341.68,13,12,16H 31M 48S,23-03-13
9,26,2924,403,1001.4,342.1111111111111,30,29,16H 32M 5S,23-03-13
9,35,2930.5,402,1001.4,342,36.5,35.5,16H 32M 11.5S,23-03-13
9,39,2936,403,1001.4,342.42857142857144,42,41,16H 32M 17S,23-03-13
9,46,2946,402,1001.4,342.0769230769231,52,51,16H 32M 27S,23-03-13
9,59,2955.5,401,1001.4,342.3333333333333,61.5,60.5,16H 32M 36.5S,23-03-13
9,65,2959,402,1001.4,342,65,64,16H 32M 40S,23-03-13
9,66,2960.5,401,1001.4,342,66.5,65.5,16H 32M 41.5S,23-03-13
9,68,2965.5,400,1001.4,342,71.5,70.5,16H 32M 46.5S,23-03-13
9,76,2994,401,1001.4,342.38775510204084,100,99,16H 33M 15S,23-03-13
9,125,3022,400,1001.4,342,128,127,16H 33M 43S,23-03-13
9,132,3031,401,1001.4818181818182,342,137,136,16H 33M 52S,23-03-13
9,143,3037.5,402,1001.4,342.5,143.5,142.5,16H 33M 58.5S,23-03-13
9,145,3060.5,401,1001.4136363636363,342.75,165.6818181818182,165.5,16H 34M 21.5S,23-03-13
10,1,3219.5,403,1001.4,341.375,8.5,7.5,16H 37M 1.5S,23-03-13
10,17,3233.5,402,1001.4,341.8333333333333,22.5,21.5,16H 37M 15.5S,23-03-13
10,29,3248,401,1001.4,342.1764705882353,37,36,16H 37M 30S,23-03-13
10,46,3262.5,400,1001.4,342.3333333333333,51.5,50.5,16H 37M 44.5S,23-03-13
10,58,3269,399,1001.4,342,58,57,16H 37M 51S,23-03-13
10,59,3271,400,1001.4,342,60,59,16H 37M 53S,23-03-13
10,62,3281.5,399,1001.4,342.77777777777777,70.5,69.5,16H 38M 3.5S,23-03-13
10,80,3291.5,398,1001.4,343,80.5,79.5,16H 38M 13.5S,23-03-13
10,82,3298,397,1001.4,342.90909090909093,87,86,16H 38M 20S,23-03-13
10,93,3307,396,1001.4285714285714,342.57142857142856,96,95,16H 38M 29S,23-03-13
10,100,3322.5,395,1001.4541666666667,343,111.5,110.5,16H 38M 45.125S,23-03-13
10,124,3339,394,1001.5,343.1111111111111,128,127,16H 39M 2S,23-03-13
10,133,3345.5,395,1001.5,343,134.5,133.5,16H 39M 8.5S,23-03-13
10,137,3348.5,394,1001.5,344,137.5,136.5,16H 39M 11.5S,23-03-13
10,139,3350.5,395,1001.5,344,139.5,138.5,16H 39M 13.5S,23-03-13
10,141,3361.5,396,1001.535,343,150.5,149.5,16H 39M 24.5S,23-03-13
10,161,3374.5,395,1001.5,343,163.5,162.5,16H 39M 37.5S,23-03-13
10,167,3381,396,1001.5,343.14285714285717,170,169,16H 39M 44S,23-03-13
10,174,3388,395,1001.5,344,177,176,16H 39M 51S,23-03-13
11,1,3454,405,1001.54,342,3,2,16H 40M 57S,23-03-13
11,6,3465,404,1001.5,343,14,13,16H 41M 8S,23-03-13
11,23,3476.5,403,1001.5,343,25.5,24.5,16H 41M 19.5S,23-03-13
11,29,3480.5,402,1001.5,343,29.5,28.5,16H 41M 23.5S,23-03-13
11,31,3491.5,401,1001.5550000000001,343.55,40.5,39.5,16H 41M 34.5S,23-03-13
11,51,3506.5,400,1001.5,343.2,55.5,54.5,16H 41M 49.5S,23-03-13
11,61,3530,399,1001.5,343.1621621621622,79,78,16H 42M 13.2702702702736S,23-03-13
11,98,3552,400,1001.5,343,101,100,16H 42M 36S,23-03-13
11,105,3558.5,399,1001.5,343,107.5,106.5,16H 42M 42.5S,23-03-13
11,111,3563.5,398,1001.5,343,112.5,111.5,16H 42M 47.5S,23-03-13
11,115,3570,399,1001.5555555555555,343,119,118,16H 42M 54S,23-03-13
11,124,3588.5,398,1001.6,343.0357142857143,137.5,136.5,16H 43M 12.5S,23-03-13
11,152,3606,399,1001.6,343,155,154,16H 43M 30S,23-03-13
11,159,3611,398,1001.6,343,160,159,16H 43M 35S,23-03-13
11,162,3616.5,399,1001.6,343,165.5,164.5,16H 43M 40.5S,23-03-13
11,170,3628.5,400,1001.6,343,176.5625,176.5,16H 43M 52.5S,23-03-13
12,1,3689,405,1001.6,341.6666666666667,2,1,16H 44M 53S,23-03-13
12,4,3700,406,1001.5631578947368,342,13,12,16H 45M 4S,23-03-13
12,23,3710.5,405,1001.5,342.5,23.5,22.5,16H 45M 14.5S,23-03-13
12,25,3712.5,406,1001.5,342,25.5,24.5,16H 45M 16.5S,23-03-13
12,27,3716.5,405,1001.5,342.3333333333333,29.5,28.5,16H 45M 20.5S,23-03-13
12,33,3749.5,406,1001.5166666666667,342.9166666666667,62.5,61.5,16H 45M 53.8333333333358S,23-03-13
12,93,3793.5,407,1001.5821428571429,343.17857142857144,106.5,105.5,16H 46M 38.5S,23-03-13
12,121,3808.5,408,1001.5,343.5,121.5,120.5,16H 46M 53.5S,23-03-13
12,123,3813,407,1001.5285714285715,343.14285714285717,126,125,16H 46M 58S,23-03-13
12,130,3817.5,408,1001.6,343.5,130.5,129.5,16H 47M 2.5S,23-03-13
12,132,3821,407,1001.6,343.2,134,133,16H 47M 6S,23-03-13
12,137,3834.5,406,1001.6,343.45454545454544,147.5,146.5,16H 47M 19.5S,23-03-13
12,159,3850,407,1001.6,343.1111111111111,163,162,16H 47M 35S,23-03-13
12,168,3855.5,408,1001.6,343,168.5,167.5,16H 47M 40.5S,23-03-13
12,170,3861,407,1001.6,343.55555555555554,174,173,16H 47M 46S,23-03-13
12,179,3866.5,408,1001.6,344,179.5,178.5,16H 47M 51.5S,23-03-13
13,1,3971.5,401,1001.3166666666666,342,3.5,2.5,16H 49M 36.5S,23-03-13
13,7,3975.5,400,1001.4,342,7.5,6.5,16H 49M 40.5S,23-03-13
13,9,3984.5,401,1001.4,342,16.5,15.5,16H 49M 49.9375S,23-03-13
13,25,3993,400,1001.4,342,25,24,16H 49M 59S,23-03-13
13,26,3994.5,401,1001.4,342,26.5,25.5,16H 50M 0.5S,23-03-13
13,28,4000.5,400,1001.3199999999999,342,32.5,31.5,16H 50M 6.5S,23-03-13
13,38,4007,399,1001.3,342,39,38,16H 50M 13S,23-03-13
13,41,4013,400,1001.3222222222222,342,45,44,16H 50M 19S,23-03-13
13,50,4019.5,399,1001.4,342,51.5,50.5,16H 50M 25.5S,23-03-13
13,54,4026,398,1001.4,342.3333333333333,58,57,16H 50M 32S,23-03-13
13,63,4040.5,399,1001.4,342.45,72.5,71.5,16H 50M 46.5S,23-03-13
13,83,4052,398,1001.4,342.3333333333333,84,83,16H 50M 58S,23-03-13
13,86,4055.5,399,1001.4,342.75,87.5,86.5,16H 51M 1.5S,23-03-13
13,90,4067,398,1001.3,343,99,98,16H 51M 13S,23-03-13
13,109,4077.5,399,1001.3,343,109.5,108.5,16H 51M 23.5S,23-03-13
13,111,4079.5,398,1001.3,343.5,111.5,110.5,16H 51M 25.5S,23-03-13
13,113,4081,399,1001.3,343,113,112,16H 51M 27S,23-03-13
13,114,4089.5,398,1001.3,343.1875,121.5,120.5,16H 51M 35.5S,23-03-13
13,130,4110.5,399,1001.3,343.5,142.5,141.5,16H 51M 56.5S,23-03-13
13,156,4130.5,398,1001.3,343.7857142857143,162.5,161.5,16H 52M 16.5S,23-03-13
13,170,4143.5,399,1001.3,343.75,175.41666666666666,174.5,16H 52M 29.5S,23-03-13
14,1,4211,400,1001.2,342.3333333333333,5,4,16H 53M 37S,23-03-13
14,10,4225,399,1001.2,342.63157894736844,19,18,16H 53M 51.8421052631602S,23-03-13
14,29,4239,400,1001.2,343,33,32,16H 54M 6S,23-03-13
14,38,4245,399,1001.2666666666667,343.3333333333333,39,38,16H 54M 12S,23-03-13
14,41,4249.5,400,1001.3,343,43.5,42.5,16H 54M 16.5S,23-03-13
14,47,4267.5,399,1001.3,343.3333333333333,61.5,60.5,16H 54M 34.5S,23-03-13
14,77,4286,398,1001.3,343.85714285714283,80,79,16H 54M 53S,23-03-13
14,84,4292,399,1001.3,344,86,85,16H 54M 59S,23-03-13
14,89,4295,398,1001.3,344,89,88,16H 55M 2S,23-03-13
14,90,4299.5,399,1001.3125,343.875,93.5,92.5,16H 55M 6.5S,23-03-13
14,98,4304.5,398,1001.4,344,98.5,97.5,16H 55M 11.5S,23-03-13
14,100,4311,399,1001.4,344,105,104,16H 55M 18S,23-03-13
14,111,4317.5,398,1001.3499999999999,344,111.5,110.5,16H 55M 24.5S,23-03-13
14,113,4320,399,1001.3,344,114,113,16H 55M 27S,23-03-13
14,116,4324,398,1001.3,344,118,117,16H 55M 31S,23-03-13
14,121,4327,397,1001.3,344,121,120,16H 55M 34S,23-03-13
14,122,4329.5,398,1001.3,344,123.5,122.5,16H 55M 36.5S,23-03-13
14,126,4346.5,399,1001.3,344.43333333333334,140.5,139.5,16H 55M 53.5S,23-03-13
14,156,4377,398,1001.3,344.48387096774195,170.32258064516128,170,16H 56M 24S,23-03-13
15,1,4461.5,403,1001.3,344.05882352941177,17.5,16.5,16H 57M 49.1764705882379S,23-03-13
15,35,4483,404,1001.3222222222222,344.55555555555554,39,38,16H 58M 11S,23-03-13
15,44,4490,405,1001.3,344,46,45,16H 58M 18S,23-03-13
15,49,4501,406,1001.3,344.05882352941177,57,56,16H 58M 29S,23-03-13
15,66,4510.5,407,1001.3,344,66.5,65.5,16H 58M 38.5S,23-03-13
15,68,4513,406,1001.3,344,69,68,16H 58M 41S,23-03-13
15,71,4517.5,405,1001.3,344.5,73.5,72.5,16H 58M 45.5S,23-03-13
15,77,4522.5,406,1001.3,344.75,78.5,77.5,16H 58M 50.5S,23-03-13
15,81,4537,407,1001.3,344.44,93,92,16H 59M 5S,23-03-13
15,106,4553,408,1001.3,344.85714285714283,109,108,16H 59M 21S,23-03-13
15,113,4560,407,1001.3,345,116,115,16H 59M 28S,23-03-13
15,120,4567.5,408,1001.3,345,123.5,122.5,16H 59M 35.5S,23-03-13
15,128,4575.5,409,1001.3,345,131.5,130.5,16H 59M 43.5S,23-03-13
15,136,4584,410,1001.3,345,140,139,16H 59M 52S,23-03-13
15,145,4589,409,1001.3,345,145,144,16H 59M 57S,23-03-13
15,146,4591.5,410,1001.3,345,147.5,146.5,16H 59M 59.5S,23-03-13
15,150,4594.5,409,1001.3,345,150.5,149.5,17H 0M 2.5S,23-03-13
15,152,4597,408,1001.3,345,153,152,17H 0M 5S,23-03-13
15,155,4612,409,1001.3,345.22222222222223,167.96296296296296,167,17H 0M 20S,23-03-13
16,1,4688.5,405,1001.3249999999999,343.25,2.5,1.5,17H 1M 36.5S,23-03-13
16,5,4700.5,404,1001.365,343.8,14.5,13.5,17H 1M 49.3000000000029S,23-03-13
16,25,4714,403,1001.3,344,28,27,17H 2M 3S,23-03-13
16,32,4730,404,1001.3,344.64,44,43,17H 2M 19S,23-03-13
16,57,4745,403,1001.3,345.2,59,58,17H 2M 34S,23-03-13
16,62,4750.5,404,1001.3833333333333,345.3333333333333,64.5,63.5,17H 2M 39.5S,23-03-13
16,68,4754,405,1001.4,346,68,67,17H 2M 43S,23-03-13
16,69,4757,404,1001.4,346,71,70,17H 2M 46S,23-03-13
16,74,4762,405,1001.3199999999999,345.8,76,75,17H 2M 51S,23-03-13
16,79,4774.5,404,1001.3,346,88.5,87.5,17H 3M 3.5S,23-03-13
16,99,4790.5,405,1001.3166666666666,346,104.5,103.5,17H 3M 19.5S,23-03-13
16,111,4802.5,404,1001.4,345.75,116.5,115.5,17H 3M 31.5S,23-03-13
16,123,4818.5,405,1001.4,346,132.5,131.5,17H 3M 47.5S,23-03-13
16,143,4832,404,1001.3142857142857,346,146,145,17H 4M 1S,23-03-13
16,150,4842.5,405,1001.3714285714285,346,156.5,155.5,17H 4M 11.5S,23-03-13
16,164,4852,406,1001.4,346,166,165,17H 4M 21S,23-03-13
16,169,4858.5,405,1001.4,346,172.5,171.5,17H 4M 27.5S,23-03-13
17,1,4935,404,1001.5,344,1,0,17H 5M 44S,23-03-13
17,2,4940.5,403,1001.4399999999999,344.5,6.5,5.5,17H 5M 50.5S,23-03-13
17,12,4948.5,404,1001.4,344.6666666666667,14.5,13.5,17H 5M 58.5S,23-03-13
17,18,4960,405,1001.5,344.4117647058824,26,25,17H 6M 10S,23-03-13
17,35,4973.5,406,1001.47,344.8,39.5,38.5,17H 6M 23.5S,23-03-13
17,45,4979,405,1001.5,345,45,44,17H 6M 29S,23-03-13
17,46,4982,406,1001.5,345,48,47,17H 6M 32S,23-03-13
17,51,4995.5,407,1001.4909090909091,345,61.5,60.5,17H 6M 45.5S,23-03-13
17,73,5012.5,406,1001.4,345.3333333333333,78.5,77.5,17H 7M 2.5S,23-03-13
17,85,5021,407,1001.48,345,87,86,17H 7M 11S,23-03-13
17,90,5035.5,408,1001.5,345.5,101.5,100.5,17H 7M 25.5S,23-03-13
17,114,5049.5,409,1001.5,345.5,115.5,114.5,17H 7M 39.5S,23-03-13
17,118,5054,408,1001.5,345.8,120,119,17H 7M 44S,23-03-13
17,123,5063,409,1001.5,345.61538461538464,129,128,17H 7M 53S,23-03-13
17,136,5070.5,410,1001.5,346,136.5,135.5,17H 8M 0.5S,23-03-13
17,138,5073,409,1001.5,346,139,138,17H 8M 3S,23-03-13
17,141,5077,410,1001.5,346,143,142,17H 8M 7S,23-03-13
17,146,5080,409,1001.5,346,146,145,17H 8M 10S,23-03-13
17,147,5086,410,1001.5,346.1818181818182,152,151,17H 8M 16S,23-03-13
17,158,5094,409,1001.5,346.2,160,159,17H 8M 24S,23-03-13
17,163,5097.5,410,1001.5,346,163.5,162.5,17H 8M 27.5S,23-03-13
17,165,5100,409,1001.5,346,166,165,17H 8M 30S,23-03-13
17,168,5109,410,1001.5,346.8666666666667,174.8,174,17H 8M 39S,23-03-13
18,1,5178,404,1001.5,345.05263157894734,10,9,17H 9M 48.3684210526335S,23-03-13
18,20,5193.5,405,1001.4666666666667,345.0833333333333,25.5,24.5,17H 10M 4.5S,23-03-13
18,32,5203,406,1001.4,345,35,34,17H 10M 14S,23-03-13
18,39,5207.5,407,1001.5,345,39.5,38.5,17H 10M 18.5S,23-03-13
18,41,5211,406,1001.5,345,43,42,17H 10M 22S,23-03-13
18,46,5216.5,407,1001.5,345.3333333333333,48.5,47.5,17H 10M 27.5S,23-03-13
18,52,5229,408,1001.5,345.1578947368421,61,60,17H 10M 40S,23-03-13
18,71,5240,409,1001.5,346,72,71,17H 10M 51S,23-03-13
18,74,5243.5,408,1001.5,345,75.5,74.5,17H 10M 54.5S,23-03-13
18,78,5254.5,409,1001.5,345.8333333333333,86.5,85.5,17H 11M 5.5S,23-03-13
18,96,5265,410,1001.5,346,97,96,17H 11M 16S,23-03-13
18,99,5270.5,409,1001.5,346,102.5,101.5,17H 11M 21.5S,23-03-13
18,107,5281,410,1001.5076923076923,346.3076923076923,113,112,17H 11M 32S,23-03-13
18,120,5292.5,411,1001.6,345.3,124.5,123.5,17H 11M 43.5S,23-03-13
18,130,5298.5,412,1001.5,345,130.5,129.5,17H 11M 49.5S,23-03-13
18,132,5301.5,411,1001.5,346,133.5,132.5,17H 11M 52.5S,23-03-13
18,136,5304.5,412,1001.5,346,136.5,135.5,17H 11M 55.5S,23-03-13
18,138,5308.5,413,1001.5,345.8333333333333,140.5,139.5,17H 11M 59.5S,23-03-13
18,144,5316.5,414,1001.5,345.9,148.5,147.5,17H 12M 7.5S,23-03-13
18,154,5329,415,1001.5,346.1333333333333,161,160,17H 12M 20S,23-03-13
18,169,5339,416,1001.5,346.4,171,170,17H 12M 30S,23-03-13
18,174,5347.5,417,1001.5,345.6666666666667,178.25,178.5,17H 12M 38.5S,23-03-13
